Caregiver,Node,Time
979,start,436.6
979,end,1360.65
979,4693295,450.0
979,4721787,450.0
979,4733907,450.0
979,4724735,450.0
979,4731853,450.0
979,4732896,450.0
979,4938897,460.0
979,4733070,470.0
979,4743706,475.0
979,4734445,485.0
979,4727967,485.0
979,4722509,490.0
979,4891887,500.0
979,4721760,500.0
979,4702058,500.0
979,4756715,510.0
979,4786892,520.0
979,4725494,520.0
979,4693561,525.0
979,4730147,525.0
979,4932842,530.0
979,4727042,535.0
979,4755941,540.0
979,4893803,540.0
979,4723154,545.0
979,4732877,545.0
979,4729186,555.0
979,4972537,555.0
979,4728987,560.0
979,4730702,560.0
979,4694787,570.0
979,4702923,570.0
979,4734848,575.0
979,4730354,580.0
979,4708841,580.0
979,4693290,580.0
979,4735663,580.0
979,4884486,595.0
979,4724256,595.0
979,4710478,600.0
979,4932407,610.0
979,4885322,615.0
979,4728298,615.0
979,4753375,615.0
979,4702524,615.0
979,4730655,625.0
979,4702356,625.0
979,4730247,635.0
979,4797892,635.0
979,4710465,645.0
979,4887383,645.0
979,4894706,645.0
979,4729739,650.0
979,4838980,650.0
979,4735978,670.0
979,4731996,675.0
979,4735037,680.0
979,4724314,680.0
979,4731337,695.0
979,4938036,700.0
979,4730593,700.0
979,4885503,700.0
979,4928890,725.0
979,4790595,730.0
979,4701877,735.0
979,4730749,745.0
979,4736719,750.0
979,4693707,760.0
979,4741899,775.0
979,4786945,780.0
979,4972608,780.0
979,4852582,790.0
979,4753505,790.0
979,4884667,800.0
979,4724372,805.0
979,4731689,810.0
979,4732026,815.0
979,4743901,825.0
979,4735754,825.0
979,4893983,825.0
979,4735265,835.0
979,4753291,855.0
979,4733097,855.0
979,4736815,860.0
979,4731809,870.0
979,4732377,875.0
979,4896875,880.0
979,4734654,890.0
979,4722065,895.0
979,4839793,905.0
979,4753132,915.0
979,4885142,915.0
979,4894526,915.0
979,4728533,925.0
979,4937903,935.0
979,4702705,935.0
979,4701575,945.0
979,4724481,960.0
979,4941500,960.0
979,4900387,960.0
979,4699500,975.0
979,4937257,980.0
979,4702887,985.0
979,4928047,995.0
979,4726331,995.0
979,4722108,1005.0
979,4728949,1010.0
979,4698563,1025.0
979,4722966,1040.0
979,4724930,1040.0
979,4732034,1040.0
979,4724899,1045.0
979,4744890,1055.0
979,4734022,1060.0
979,4736188,1065.0
979,4882193,1080.0
979,4699681,1085.0
979,4894163,1100.0
979,4724613,1105.0
979,4729287,1115.0
979,4746903,1125.0
979,4796025,1125.0
979,4728606,1135.0
979,4725698,1140.0
979,4805864,1150.0
979,4748686,1165.0
979,4693692,1165.0
979,4727518,1165.0
979,4837891,1170.0
979,4727202,1185.0
979,4723472,1185.0
979,4702239,1185.0
979,4728506,1195.0
979,4883467,1205.0
979,4887203,1215.0
979,4934457,1220.0
979,4936203,1225.0
979,4894344,1225.0
979,4728259,1230.0
979,4731547,1240.0
979,4723039,1245.0
979,4730988,1245.0
979,4891351,1250.0
979,4734561,1270.0
979,4699862,1280.0
979,4698742,1280.0
979,4941860,1290.0
979,4735549,1290.0
979,4733027,1295.0
979,4897057,1320.0
979,4939053,1320.0
979,4744343,1325.0
979,4884848,1330.0
979,4730557,1330.0
979,4838759,1335.0
36,start,438.9166666666667
36,end,1118.4833333333333
36,4693295,450.0
36,4721787,450.0
36,4733907,450.0
36,4724735,450.0
36,4731853,450.0
36,4732896,450.0
36,4938897,460.0
36,4733070,470.0
36,4743706,475.0
36,4734445,485.0
36,4727967,485.0
36,4722509,490.0
36,4891887,500.0
36,4721760,500.0
36,4702058,500.0
36,4756715,510.0
36,4786892,520.0
36,4725494,520.0
36,4693561,525.0
36,4730147,525.0
36,4932842,530.0
36,4727042,535.0
36,4755941,540.0
36,4893803,540.0
36,4723154,545.0
36,4732877,545.0
36,4729186,555.0
36,4972537,555.0
36,4728987,560.0
36,4730702,560.0
36,4694787,570.0
36,4702923,570.0
36,4734848,575.0
36,4730354,580.0
36,4708841,580.0
36,4693290,580.0
36,4735663,580.0
36,4884486,595.0
36,4724256,595.0
36,4710478,600.0
36,4932407,610.0
36,4885322,615.0
36,4728298,615.0
36,4753375,615.0
36,4702524,615.0
36,4730655,625.0
36,4702356,625.0
36,4730247,635.0
36,4797892,635.0
36,4710465,645.0
36,4887383,645.0
36,4894706,645.0
36,4729739,650.0
36,4838980,650.0
36,4735978,670.0
36,4731996,675.0
36,4735037,680.0
36,4724314,680.0
36,4731337,695.0
36,4938036,700.0
36,4730593,700.0
36,4885503,700.0
36,4928890,725.0
36,4790595,730.0
36,4701877,735.0
36,4730749,745.0
36,4736719,750.0
36,4693707,760.0
36,4741899,775.0
36,4786945,780.0
36,4972608,780.0
36,4852582,790.0
36,4753505,790.0
36,4884667,800.0
36,4724372,805.0
36,4731689,810.0
36,4732026,815.0
36,4743901,825.0
36,4735754,825.0
36,4893983,825.0
36,4735265,835.0
36,4753291,855.0
36,4733097,855.0
36,4736815,860.0
36,4731809,870.0
36,4732377,875.0
36,4896875,880.0
36,4734654,890.0
36,4722065,895.0
36,4839793,905.0
36,4753132,915.0
36,4885142,915.0
36,4894526,915.0
36,4728533,925.0
36,4937903,935.0
36,4702705,935.0
36,4701575,945.0
36,4724481,960.0
36,4941500,960.0
36,4900387,960.0
36,4699500,975.0
36,4937257,980.0
36,4702887,985.0
36,4928047,995.0
36,4726331,995.0
36,4722108,1005.0
36,4728949,1010.0
36,4698563,1025.0
36,4722966,1040.0
36,4724930,1040.0
36,4732034,1040.0
36,4724899,1045.0
36,4744890,1055.0
36,4734022,1060.0
36,4736188,1065.0
36,4882193,1080.0
36,4699681,1085.0
36,4894163,1100.0
36,4724613,1105.0
36,4729287,1115.0
36,4746903,1125.0
36,4796025,1125.0
36,4728606,1135.0
36,4725698,1140.0
36,4805864,1150.0
36,4748686,1165.0
36,4693692,1165.0
36,4727518,1165.0
36,4837891,1170.0
36,4727202,1185.0
36,4723472,1185.0
36,4702239,1185.0
36,4728506,1195.0
36,4883467,1205.0
36,4887203,1215.0
36,4934457,1220.0
36,4936203,1225.0
36,4894344,1225.0
36,4728259,1230.0
36,4731547,1240.0
36,4723039,1245.0
36,4730988,1245.0
36,4891351,1250.0
36,4734561,1270.0
36,4699862,1280.0
36,4698742,1280.0
36,4941860,1290.0
36,4735549,1290.0
36,4733027,1295.0
36,4897057,1320.0
36,4939053,1320.0
36,4744343,1325.0
36,4884848,1330.0
36,4730557,1330.0
36,4838759,1335.0
33,start,513.0
33,end,839.0
33,4693295,450.0
33,4721787,450.0
33,4733907,450.0
33,4724735,450.0
33,4731853,450.0
33,4732896,450.0
33,4938897,460.0
33,4733070,470.0
33,4743706,475.0
33,4734445,485.0
33,4727967,485.0
33,4722509,490.0
33,4891887,500.0
33,4721760,500.0
33,4702058,500.0
33,4756715,510.0
33,4786892,520.0
33,4725494,520.0
33,4693561,525.0
33,4730147,525.0
33,4932842,530.0
33,4727042,535.0
33,4755941,540.0
33,4893803,540.0
33,4723154,545.0
33,4732877,545.0
33,4729186,555.0
33,4972537,555.0
33,4728987,560.0
33,4730702,560.0
33,4694787,570.0
33,4702923,570.0
33,4734848,575.0
33,4730354,580.0
33,4708841,580.0
33,4693290,580.0
33,4735663,580.0
33,4884486,595.0
33,4724256,595.0
33,4710478,600.0
33,4932407,610.0
33,4885322,615.0
33,4728298,615.0
33,4753375,615.0
33,4702524,615.0
33,4730655,625.0
33,4702356,625.0
33,4730247,635.0
33,4797892,635.0
33,4710465,645.0
33,4887383,645.0
33,4894706,645.0
33,4729739,650.0
33,4838980,650.0
33,4735978,670.0
33,4731996,675.0
33,4735037,680.0
33,4724314,680.0
33,4731337,695.0
33,4938036,700.0
33,4730593,700.0
33,4885503,700.0
33,4928890,725.0
33,4790595,730.0
33,4701877,735.0
33,4730749,745.0
33,4736719,750.0
33,4693707,760.0
33,4741899,775.0
33,4786945,780.0
33,4972608,780.0
33,4852582,790.0
33,4753505,790.0
33,4884667,800.0
33,4724372,805.0
33,4731689,810.0
33,4732026,815.0
33,4743901,825.0
33,4735754,825.0
33,4893983,825.0
33,4735265,835.0
33,4753291,855.0
33,4733097,855.0
33,4736815,860.0
33,4731809,870.0
33,4732377,875.0
33,4896875,880.0
33,4734654,890.0
33,4722065,895.0
33,4839793,905.0
33,4753132,915.0
33,4885142,915.0
33,4894526,915.0
33,4728533,925.0
33,4937903,935.0
33,4702705,935.0
33,4701575,945.0
33,4724481,960.0
33,4941500,960.0
33,4900387,960.0
33,4699500,975.0
33,4937257,980.0
33,4702887,985.0
33,4928047,995.0
33,4726331,995.0
33,4722108,1005.0
33,4728949,1010.0
33,4698563,1025.0
33,4722966,1040.0
33,4724930,1040.0
33,4732034,1040.0
33,4724899,1045.0
33,4744890,1055.0
33,4734022,1060.0
33,4736188,1065.0
33,4882193,1080.0
33,4699681,1085.0
33,4894163,1100.0
33,4724613,1105.0
33,4729287,1115.0
33,4746903,1125.0
33,4796025,1125.0
33,4728606,1135.0
33,4725698,1140.0
33,4805864,1150.0
33,4748686,1165.0
33,4693692,1165.0
33,4727518,1165.0
33,4837891,1170.0
33,4727202,1185.0
33,4723472,1185.0
33,4702239,1185.0
33,4728506,1195.0
33,4883467,1205.0
33,4887203,1215.0
33,4934457,1220.0
33,4936203,1225.0
33,4894344,1225.0
33,4728259,1230.0
33,4731547,1240.0
33,4723039,1245.0
33,4730988,1245.0
33,4891351,1250.0
33,4734561,1270.0
33,4699862,1280.0
33,4698742,1280.0
33,4941860,1290.0
33,4735549,1290.0
33,4733027,1295.0
33,4897057,1320.0
33,4939053,1320.0
33,4744343,1325.0
33,4884848,1330.0
33,4730557,1330.0
33,4838759,1335.0
949,start,1260.9166666666667
949,end,1354.3666666666666
949,4693295,450.0
949,4721787,450.0
949,4733907,450.0
949,4724735,450.0
949,4731853,450.0
949,4732896,450.0
949,4938897,460.0
949,4733070,470.0
949,4743706,475.0
949,4734445,485.0
949,4727967,485.0
949,4722509,490.0
949,4891887,500.0
949,4721760,500.0
949,4702058,500.0
949,4756715,510.0
949,4786892,520.0
949,4725494,520.0
949,4693561,525.0
949,4730147,525.0
949,4932842,530.0
949,4727042,535.0
949,4755941,540.0
949,4893803,540.0
949,4723154,545.0
949,4732877,545.0
949,4729186,555.0
949,4972537,555.0
949,4728987,560.0
949,4730702,560.0
949,4694787,570.0
949,4702923,570.0
949,4734848,575.0
949,4730354,580.0
949,4708841,580.0
949,4693290,580.0
949,4735663,580.0
949,4884486,595.0
949,4724256,595.0
949,4710478,600.0
949,4932407,610.0
949,4885322,615.0
949,4728298,615.0
949,4753375,615.0
949,4702524,615.0
949,4730655,625.0
949,4702356,625.0
949,4730247,635.0
949,4797892,635.0
949,4710465,645.0
949,4887383,645.0
949,4894706,645.0
949,4729739,650.0
949,4838980,650.0
949,4735978,670.0
949,4731996,675.0
949,4735037,680.0
949,4724314,680.0
949,4731337,695.0
949,4938036,700.0
949,4730593,700.0
949,4885503,700.0
949,4928890,725.0
949,4790595,730.0
949,4701877,735.0
949,4730749,745.0
949,4736719,750.0
949,4693707,760.0
949,4741899,775.0
949,4786945,780.0
949,4972608,780.0
949,4852582,790.0
949,4753505,790.0
949,4884667,800.0
949,4724372,805.0
949,4731689,810.0
949,4732026,815.0
949,4743901,825.0
949,4735754,825.0
949,4893983,825.0
949,4735265,835.0
949,4753291,855.0
949,4733097,855.0
949,4736815,860.0
949,4731809,870.0
949,4732377,875.0
949,4896875,880.0
949,4734654,890.0
949,4722065,895.0
949,4839793,905.0
949,4753132,915.0
949,4885142,915.0
949,4894526,915.0
949,4728533,925.0
949,4937903,935.0
949,4702705,935.0
949,4701575,945.0
949,4724481,960.0
949,4941500,960.0
949,4900387,960.0
949,4699500,975.0
949,4937257,980.0
949,4702887,985.0
949,4928047,995.0
949,4726331,995.0
949,4722108,1005.0
949,4728949,1010.0
949,4698563,1025.0
949,4722966,1040.0
949,4724930,1040.0
949,4732034,1040.0
949,4724899,1045.0
949,4744890,1055.0
949,4734022,1060.0
949,4736188,1065.0
949,4882193,1080.0
949,4699681,1085.0
949,4894163,1100.0
949,4724613,1105.0
949,4729287,1115.0
949,4746903,1125.0
949,4796025,1125.0
949,4728606,1135.0
949,4725698,1140.0
949,4805864,1150.0
949,4748686,1165.0
949,4693692,1165.0
949,4727518,1165.0
949,4837891,1170.0
949,4727202,1185.0
949,4723472,1185.0
949,4702239,1185.0
949,4728506,1195.0
949,4883467,1205.0
949,4887203,1215.0
949,4934457,1220.0
949,4936203,1225.0
949,4894344,1225.0
949,4728259,1230.0
949,4731547,1240.0
949,4723039,1245.0
949,4730988,1245.0
949,4891351,1250.0
949,4734561,1270.0
949,4699862,1280.0
949,4698742,1280.0
949,4941860,1290.0
949,4735549,1290.0
949,4733027,1295.0
949,4897057,1320.0
949,4939053,1320.0
949,4744343,1325.0
949,4884848,1330.0
949,4730557,1330.0
949,4838759,1335.0
438,start,689.5
438,end,1243.45
438,4693295,450.0
438,4721787,450.0
438,4733907,450.0
438,4724735,450.0
438,4731853,450.0
438,4732896,450.0
438,4938897,460.0
438,4733070,470.0
438,4743706,475.0
438,4734445,485.0
438,4727967,485.0
438,4722509,490.0
438,4891887,500.0
438,4721760,500.0
438,4702058,500.0
438,4756715,510.0
438,4786892,520.0
438,4725494,520.0
438,4693561,525.0
438,4730147,525.0
438,4932842,530.0
438,4727042,535.0
438,4755941,540.0
438,4893803,540.0
438,4723154,545.0
438,4732877,545.0
438,4729186,555.0
438,4972537,555.0
438,4728987,560.0
438,4730702,560.0
438,4694787,570.0
438,4702923,570.0
438,4734848,575.0
438,4730354,580.0
438,4708841,580.0
438,4693290,580.0
438,4735663,580.0
438,4884486,595.0
438,4724256,595.0
438,4710478,600.0
438,4932407,610.0
438,4885322,615.0
438,4728298,615.0
438,4753375,615.0
438,4702524,615.0
438,4730655,625.0
438,4702356,625.0
438,4730247,635.0
438,4797892,635.0
438,4710465,645.0
438,4887383,645.0
438,4894706,645.0
438,4729739,650.0
438,4838980,650.0
438,4735978,670.0
438,4731996,675.0
438,4735037,680.0
438,4724314,680.0
438,4731337,695.0
438,4938036,700.0
438,4730593,700.0
438,4885503,700.0
438,4928890,725.0
438,4790595,730.0
438,4701877,735.0
438,4730749,745.0
438,4736719,750.0
438,4693707,760.0
438,4741899,775.0
438,4786945,780.0
438,4972608,780.0
438,4852582,790.0
438,4753505,790.0
438,4884667,800.0
438,4724372,805.0
438,4731689,810.0
438,4732026,815.0
438,4743901,825.0
438,4735754,825.0
438,4893983,825.0
438,4735265,835.0
438,4753291,855.0
438,4733097,855.0
438,4736815,860.0
438,4731809,870.0
438,4732377,875.0
438,4896875,880.0
438,4734654,890.0
438,4722065,895.0
438,4839793,905.0
438,4753132,915.0
438,4885142,915.0
438,4894526,915.0
438,4728533,925.0
438,4937903,935.0
438,4702705,935.0
438,4701575,945.0
438,4724481,960.0
438,4941500,960.0
438,4900387,960.0
438,4699500,975.0
438,4937257,980.0
438,4702887,985.0
438,4928047,995.0
438,4726331,995.0
438,4722108,1005.0
438,4728949,1010.0
438,4698563,1025.0
438,4722966,1040.0
438,4724930,1040.0
438,4732034,1040.0
438,4724899,1045.0
438,4744890,1055.0
438,4734022,1060.0
438,4736188,1065.0
438,4882193,1080.0
438,4699681,1085.0
438,4894163,1100.0
438,4724613,1105.0
438,4729287,1115.0
438,4746903,1125.0
438,4796025,1125.0
438,4728606,1135.0
438,4725698,1140.0
438,4805864,1150.0
438,4748686,1165.0
438,4693692,1165.0
438,4727518,1165.0
438,4837891,1170.0
438,4727202,1185.0
438,4723472,1185.0
438,4702239,1185.0
438,4728506,1195.0
438,4883467,1205.0
438,4887203,1215.0
438,4934457,1220.0
438,4936203,1225.0
438,4894344,1225.0
438,4728259,1230.0
438,4731547,1240.0
438,4723039,1245.0
438,4730988,1245.0
438,4891351,1250.0
438,4734561,1270.0
438,4699862,1280.0
438,4698742,1280.0
438,4941860,1290.0
438,4735549,1290.0
438,4733027,1295.0
438,4897057,1320.0
438,4939053,1320.0
438,4744343,1325.0
438,4884848,1330.0
438,4730557,1330.0
438,4838759,1335.0
284,start,436.1166666666667
284,end,707.25
284,4693295,450.0
284,4721787,450.0
284,4733907,450.0
284,4724735,450.0
284,4731853,450.0
284,4732896,450.0
284,4938897,460.0
284,4733070,470.0
284,4743706,475.0
284,4734445,485.0
284,4727967,485.0
284,4722509,490.0
284,4891887,500.0
284,4721760,500.0
284,4702058,500.0
284,4756715,510.0
284,4786892,520.0
284,4725494,520.0
284,4693561,525.0
284,4730147,525.0
284,4932842,530.0
284,4727042,535.0
284,4755941,540.0
284,4893803,540.0
284,4723154,545.0
284,4732877,545.0
284,4729186,555.0
284,4972537,555.0
284,4728987,560.0
284,4730702,560.0
284,4694787,570.0
284,4702923,570.0
284,4734848,575.0
284,4730354,580.0
284,4708841,580.0
284,4693290,580.0
284,4735663,580.0
284,4884486,595.0
284,4724256,595.0
284,4710478,600.0
284,4932407,610.0
284,4885322,615.0
284,4728298,615.0
284,4753375,615.0
284,4702524,615.0
284,4730655,625.0
284,4702356,625.0
284,4730247,635.0
284,4797892,635.0
284,4710465,645.0
284,4887383,645.0
284,4894706,645.0
284,4729739,650.0
284,4838980,650.0
284,4735978,670.0
284,4731996,675.0
284,4735037,680.0
284,4724314,680.0
284,4731337,695.0
284,4938036,700.0
284,4730593,700.0
284,4885503,700.0
284,4928890,725.0
284,4790595,730.0
284,4701877,735.0
284,4730749,745.0
284,4736719,750.0
284,4693707,760.0
284,4741899,775.0
284,4786945,780.0
284,4972608,780.0
284,4852582,790.0
284,4753505,790.0
284,4884667,800.0
284,4724372,805.0
284,4731689,810.0
284,4732026,815.0
284,4743901,825.0
284,4735754,825.0
284,4893983,825.0
284,4735265,835.0
284,4753291,855.0
284,4733097,855.0
284,4736815,860.0
284,4731809,870.0
284,4732377,875.0
284,4896875,880.0
284,4734654,890.0
284,4722065,895.0
284,4839793,905.0
284,4753132,915.0
284,4885142,915.0
284,4894526,915.0
284,4728533,925.0
284,4937903,935.0
284,4702705,935.0
284,4701575,945.0
284,4724481,960.0
284,4941500,960.0
284,4900387,960.0
284,4699500,975.0
284,4937257,980.0
284,4702887,985.0
284,4928047,995.0
284,4726331,995.0
284,4722108,1005.0
284,4728949,1010.0
284,4698563,1025.0
284,4722966,1040.0
284,4724930,1040.0
284,4732034,1040.0
284,4724899,1045.0
284,4744890,1055.0
284,4734022,1060.0
284,4736188,1065.0
284,4882193,1080.0
284,4699681,1085.0
284,4894163,1100.0
284,4724613,1105.0
284,4729287,1115.0
284,4746903,1125.0
284,4796025,1125.0
284,4728606,1135.0
284,4725698,1140.0
284,4805864,1150.0
284,4748686,1165.0
284,4693692,1165.0
284,4727518,1165.0
284,4837891,1170.0
284,4727202,1185.0
284,4723472,1185.0
284,4702239,1185.0
284,4728506,1195.0
284,4883467,1205.0
284,4887203,1215.0
284,4934457,1220.0
284,4936203,1225.0
284,4894344,1225.0
284,4728259,1230.0
284,4731547,1240.0
284,4723039,1245.0
284,4730988,1245.0
284,4891351,1250.0
284,4734561,1270.0
284,4699862,1280.0
284,4698742,1280.0
284,4941860,1290.0
284,4735549,1290.0
284,4733027,1295.0
284,4897057,1320.0
284,4939053,1320.0
284,4744343,1325.0
284,4884848,1330.0
284,4730557,1330.0
284,4838759,1335.0
1108,start,467.8
1108,end,708.0166666666667
1108,4693295,450.0
1108,4721787,450.0
1108,4733907,450.0
1108,4724735,450.0
1108,4731853,450.0
1108,4732896,450.0
1108,4938897,460.0
1108,4733070,470.0
1108,4743706,475.0
1108,4734445,485.0
1108,4727967,485.0
1108,4722509,490.0
1108,4891887,500.0
1108,4721760,500.0
1108,4702058,500.0
1108,4756715,510.0
1108,4786892,520.0
1108,4725494,520.0
1108,4693561,525.0
1108,4730147,525.0
1108,4932842,530.0
1108,4727042,535.0
1108,4755941,540.0
1108,4893803,540.0
1108,4723154,545.0
1108,4732877,545.0
1108,4729186,555.0
1108,4972537,555.0
1108,4728987,560.0
1108,4730702,560.0
1108,4694787,570.0
1108,4702923,570.0
1108,4734848,575.0
1108,4730354,580.0
1108,4708841,580.0
1108,4693290,580.0
1108,4735663,580.0
1108,4884486,595.0
1108,4724256,595.0
1108,4710478,600.0
1108,4932407,610.0
1108,4885322,615.0
1108,4728298,615.0
1108,4753375,615.0
1108,4702524,615.0
1108,4730655,625.0
1108,4702356,625.0
1108,4730247,635.0
1108,4797892,635.0
1108,4710465,645.0
1108,4887383,645.0
1108,4894706,645.0
1108,4729739,650.0
1108,4838980,650.0
1108,4735978,670.0
1108,4731996,675.0
1108,4735037,680.0
1108,4724314,680.0
1108,4731337,695.0
1108,4938036,700.0
1108,4730593,700.0
1108,4885503,700.0
1108,4928890,725.0
1108,4790595,730.0
1108,4701877,735.0
1108,4730749,745.0
1108,4736719,750.0
1108,4693707,760.0
1108,4741899,775.0
1108,4786945,780.0
1108,4972608,780.0
1108,4852582,790.0
1108,4753505,790.0
1108,4884667,800.0
1108,4724372,805.0
1108,4731689,810.0
1108,4732026,815.0
1108,4743901,825.0
1108,4735754,825.0
1108,4893983,825.0
1108,4735265,835.0
1108,4753291,855.0
1108,4733097,855.0
1108,4736815,860.0
1108,4731809,870.0
1108,4732377,875.0
1108,4896875,880.0
1108,4734654,890.0
1108,4722065,895.0
1108,4839793,905.0
1108,4753132,915.0
1108,4885142,915.0
1108,4894526,915.0
1108,4728533,925.0
1108,4937903,935.0
1108,4702705,935.0
1108,4701575,945.0
1108,4724481,960.0
1108,4941500,960.0
1108,4900387,960.0
1108,4699500,975.0
1108,4937257,980.0
1108,4702887,985.0
1108,4928047,995.0
1108,4726331,995.0
1108,4722108,1005.0
1108,4728949,1010.0
1108,4698563,1025.0
1108,4722966,1040.0
1108,4724930,1040.0
1108,4732034,1040.0
1108,4724899,1045.0
1108,4744890,1055.0
1108,4734022,1060.0
1108,4736188,1065.0
1108,4882193,1080.0
1108,4699681,1085.0
1108,4894163,1100.0
1108,4724613,1105.0
1108,4729287,1115.0
1108,4746903,1125.0
1108,4796025,1125.0
1108,4728606,1135.0
1108,4725698,1140.0
1108,4805864,1150.0
1108,4748686,1165.0
1108,4693692,1165.0
1108,4727518,1165.0
1108,4837891,1170.0
1108,4727202,1185.0
1108,4723472,1185.0
1108,4702239,1185.0
1108,4728506,1195.0
1108,4883467,1205.0
1108,4887203,1215.0
1108,4934457,1220.0
1108,4936203,1225.0
1108,4894344,1225.0
1108,4728259,1230.0
1108,4731547,1240.0
1108,4723039,1245.0
1108,4730988,1245.0
1108,4891351,1250.0
1108,4734561,1270.0
1108,4699862,1280.0
1108,4698742,1280.0
1108,4941860,1290.0
1108,4735549,1290.0
1108,4733027,1295.0
1108,4897057,1320.0
1108,4939053,1320.0
1108,4744343,1325.0
1108,4884848,1330.0
1108,4730557,1330.0
1108,4838759,1335.0
1173,start,788.5
1173,end,1361.2333333333333
1173,4693295,450.0
1173,4721787,450.0
1173,4733907,450.0
1173,4724735,450.0
1173,4731853,450.0
1173,4732896,450.0
1173,4938897,460.0
1173,4733070,470.0
1173,4743706,475.0
1173,4734445,485.0
1173,4727967,485.0
1173,4722509,490.0
1173,4891887,500.0
1173,4721760,500.0
1173,4702058,500.0
1173,4756715,510.0
1173,4786892,520.0
1173,4725494,520.0
1173,4693561,525.0
1173,4730147,525.0
1173,4932842,530.0
1173,4727042,535.0
1173,4755941,540.0
1173,4893803,540.0
1173,4723154,545.0
1173,4732877,545.0
1173,4729186,555.0
1173,4972537,555.0
1173,4728987,560.0
1173,4730702,560.0
1173,4694787,570.0
1173,4702923,570.0
1173,4734848,575.0
1173,4730354,580.0
1173,4708841,580.0
1173,4693290,580.0
1173,4735663,580.0
1173,4884486,595.0
1173,4724256,595.0
1173,4710478,600.0
1173,4932407,610.0
1173,4885322,615.0
1173,4728298,615.0
1173,4753375,615.0
1173,4702524,615.0
1173,4730655,625.0
1173,4702356,625.0
1173,4730247,635.0
1173,4797892,635.0
1173,4710465,645.0
1173,4887383,645.0
1173,4894706,645.0
1173,4729739,650.0
1173,4838980,650.0
1173,4735978,670.0
1173,4731996,675.0
1173,4735037,680.0
1173,4724314,680.0
1173,4731337,695.0
1173,4938036,700.0
1173,4730593,700.0
1173,4885503,700.0
1173,4928890,725.0
1173,4790595,730.0
1173,4701877,735.0
1173,4730749,745.0
1173,4736719,750.0
1173,4693707,760.0
1173,4741899,775.0
1173,4786945,780.0
1173,4972608,780.0
1173,4852582,790.0
1173,4753505,790.0
1173,4884667,800.0
1173,4724372,805.0
1173,4731689,810.0
1173,4732026,815.0
1173,4743901,825.0
1173,4735754,825.0
1173,4893983,825.0
1173,4735265,835.0
1173,4753291,855.0
1173,4733097,855.0
1173,4736815,860.0
1173,4731809,870.0
1173,4732377,875.0
1173,4896875,880.0
1173,4734654,890.0
1173,4722065,895.0
1173,4839793,905.0
1173,4753132,915.0
1173,4885142,915.0
1173,4894526,915.0
1173,4728533,925.0
1173,4937903,935.0
1173,4702705,935.0
1173,4701575,945.0
1173,4724481,960.0
1173,4941500,960.0
1173,4900387,960.0
1173,4699500,975.0
1173,4937257,980.0
1173,4702887,985.0
1173,4928047,995.0
1173,4726331,995.0
1173,4722108,1005.0
1173,4728949,1010.0
1173,4698563,1025.0
1173,4722966,1040.0
1173,4724930,1040.0
1173,4732034,1040.0
1173,4724899,1045.0
1173,4744890,1055.0
1173,4734022,1060.0
1173,4736188,1065.0
1173,4882193,1080.0
1173,4699681,1085.0
1173,4894163,1100.0
1173,4724613,1105.0
1173,4729287,1115.0
1173,4746903,1125.0
1173,4796025,1125.0
1173,4728606,1135.0
1173,4725698,1140.0
1173,4805864,1150.0
1173,4748686,1165.0
1173,4693692,1165.0
1173,4727518,1165.0
1173,4837891,1170.0
1173,4727202,1185.0
1173,4723472,1185.0
1173,4702239,1185.0
1173,4728506,1195.0
1173,4883467,1205.0
1173,4887203,1215.0
1173,4934457,1220.0
1173,4936203,1225.0
1173,4894344,1225.0
1173,4728259,1230.0
1173,4731547,1240.0
1173,4723039,1245.0
1173,4730988,1245.0
1173,4891351,1250.0
1173,4734561,1270.0
1173,4699862,1280.0
1173,4698742,1280.0
1173,4941860,1290.0
1173,4735549,1290.0
1173,4733027,1295.0
1173,4897057,1320.0
1173,4939053,1320.0
1173,4744343,1325.0
1173,4884848,1330.0
1173,4730557,1330.0
1173,4838759,1335.0
113,start,1219.5000000000002
113,end,1283.95
113,4693295,450.0
113,4721787,450.0
113,4733907,450.0
113,4724735,450.0
113,4731853,450.0
113,4732896,450.0
113,4938897,460.0
113,4733070,470.0
113,4743706,475.0
113,4734445,485.0
113,4727967,485.0
113,4722509,490.0
113,4891887,500.0
113,4721760,500.0
113,4702058,500.0
113,4756715,510.0
113,4786892,520.0
113,4725494,520.0
113,4693561,525.0
113,4730147,525.0
113,4932842,530.0
113,4727042,535.0
113,4755941,540.0
113,4893803,540.0
113,4723154,545.0
113,4732877,545.0
113,4729186,555.0
113,4972537,555.0
113,4728987,560.0
113,4730702,560.0
113,4694787,570.0
113,4702923,570.0
113,4734848,575.0
113,4730354,580.0
113,4708841,580.0
113,4693290,580.0
113,4735663,580.0
113,4884486,595.0
113,4724256,595.0
113,4710478,600.0
113,4932407,610.0
113,4885322,615.0
113,4728298,615.0
113,4753375,615.0
113,4702524,615.0
113,4730655,625.0
113,4702356,625.0
113,4730247,635.0
113,4797892,635.0
113,4710465,645.0
113,4887383,645.0
113,4894706,645.0
113,4729739,650.0
113,4838980,650.0
113,4735978,670.0
113,4731996,675.0
113,4735037,680.0
113,4724314,680.0
113,4731337,695.0
113,4938036,700.0
113,4730593,700.0
113,4885503,700.0
113,4928890,725.0
113,4790595,730.0
113,4701877,735.0
113,4730749,745.0
113,4736719,750.0
113,4693707,760.0
113,4741899,775.0
113,4786945,780.0
113,4972608,780.0
113,4852582,790.0
113,4753505,790.0
113,4884667,800.0
113,4724372,805.0
113,4731689,810.0
113,4732026,815.0
113,4743901,825.0
113,4735754,825.0
113,4893983,825.0
113,4735265,835.0
113,4753291,855.0
113,4733097,855.0
113,4736815,860.0
113,4731809,870.0
113,4732377,875.0
113,4896875,880.0
113,4734654,890.0
113,4722065,895.0
113,4839793,905.0
113,4753132,915.0
113,4885142,915.0
113,4894526,915.0
113,4728533,925.0
113,4937903,935.0
113,4702705,935.0
113,4701575,945.0
113,4724481,960.0
113,4941500,960.0
113,4900387,960.0
113,4699500,975.0
113,4937257,980.0
113,4702887,985.0
113,4928047,995.0
113,4726331,995.0
113,4722108,1005.0
113,4728949,1010.0
113,4698563,1025.0
113,4722966,1040.0
113,4724930,1040.0
113,4732034,1040.0
113,4724899,1045.0
113,4744890,1055.0
113,4734022,1060.0
113,4736188,1065.0
113,4882193,1080.0
113,4699681,1085.0
113,4894163,1100.0
113,4724613,1105.0
113,4729287,1115.0
113,4746903,1125.0
113,4796025,1125.0
113,4728606,1135.0
113,4725698,1140.0
113,4805864,1150.0
113,4748686,1165.0
113,4693692,1165.0
113,4727518,1165.0
113,4837891,1170.0
113,4727202,1185.0
113,4723472,1185.0
113,4702239,1185.0
113,4728506,1195.0
113,4883467,1205.0
113,4887203,1215.0
113,4934457,1220.0
113,4936203,1225.0
113,4894344,1225.0
113,4728259,1230.0
113,4731547,1240.0
113,4723039,1245.0
113,4730988,1245.0
113,4891351,1250.0
113,4734561,1270.0
113,4699862,1280.0
113,4698742,1280.0
113,4941860,1290.0
113,4735549,1290.0
113,4733027,1295.0
113,4897057,1320.0
113,4939053,1320.0
113,4744343,1325.0
113,4884848,1330.0
113,4730557,1330.0
113,4838759,1335.0
1148,start,436.71666666666664
1148,end,586.55
1148,4693295,450.0
1148,4721787,450.0
1148,4733907,450.0
1148,4724735,450.0
1148,4731853,450.0
1148,4732896,450.0
1148,4938897,460.0
1148,4733070,470.0
1148,4743706,475.0
1148,4734445,485.0
1148,4727967,485.0
1148,4722509,490.0
1148,4891887,500.0
1148,4721760,500.0
1148,4702058,500.0
1148,4756715,510.0
1148,4786892,520.0
1148,4725494,520.0
1148,4693561,525.0
1148,4730147,525.0
1148,4932842,530.0
1148,4727042,535.0
1148,4755941,540.0
1148,4893803,540.0
1148,4723154,545.0
1148,4732877,545.0
1148,4729186,555.0
1148,4972537,555.0
1148,4728987,560.0
1148,4730702,560.0
1148,4694787,570.0
1148,4702923,570.0
1148,4734848,575.0
1148,4730354,580.0
1148,4708841,580.0
1148,4693290,580.0
1148,4735663,580.0
1148,4884486,595.0
1148,4724256,595.0
1148,4710478,600.0
1148,4932407,610.0
1148,4885322,615.0
1148,4728298,615.0
1148,4753375,615.0
1148,4702524,615.0
1148,4730655,625.0
1148,4702356,625.0
1148,4730247,635.0
1148,4797892,635.0
1148,4710465,645.0
1148,4887383,645.0
1148,4894706,645.0
1148,4729739,650.0
1148,4838980,650.0
1148,4735978,670.0
1148,4731996,675.0
1148,4735037,680.0
1148,4724314,680.0
1148,4731337,695.0
1148,4938036,700.0
1148,4730593,700.0
1148,4885503,700.0
1148,4928890,725.0
1148,4790595,730.0
1148,4701877,735.0
1148,4730749,745.0
1148,4736719,750.0
1148,4693707,760.0
1148,4741899,775.0
1148,4786945,780.0
1148,4972608,780.0
1148,4852582,790.0
1148,4753505,790.0
1148,4884667,800.0
1148,4724372,805.0
1148,4731689,810.0
1148,4732026,815.0
1148,4743901,825.0
1148,4735754,825.0
1148,4893983,825.0
1148,4735265,835.0
1148,4753291,855.0
1148,4733097,855.0
1148,4736815,860.0
1148,4731809,870.0
1148,4732377,875.0
1148,4896875,880.0
1148,4734654,890.0
1148,4722065,895.0
1148,4839793,905.0
1148,4753132,915.0
1148,4885142,915.0
1148,4894526,915.0
1148,4728533,925.0
1148,4937903,935.0
1148,4702705,935.0
1148,4701575,945.0
1148,4724481,960.0
1148,4941500,960.0
1148,4900387,960.0
1148,4699500,975.0
1148,4937257,980.0
1148,4702887,985.0
1148,4928047,995.0
1148,4726331,995.0
1148,4722108,1005.0
1148,4728949,1010.0
1148,4698563,1025.0
1148,4722966,1040.0
1148,4724930,1040.0
1148,4732034,1040.0
1148,4724899,1045.0
1148,4744890,1055.0
1148,4734022,1060.0
1148,4736188,1065.0
1148,4882193,1080.0
1148,4699681,1085.0
1148,4894163,1100.0
1148,4724613,1105.0
1148,4729287,1115.0
1148,4746903,1125.0
1148,4796025,1125.0
1148,4728606,1135.0
1148,4725698,1140.0
1148,4805864,1150.0
1148,4748686,1165.0
1148,4693692,1165.0
1148,4727518,1165.0
1148,4837891,1170.0
1148,4727202,1185.0
1148,4723472,1185.0
1148,4702239,1185.0
1148,4728506,1195.0
1148,4883467,1205.0
1148,4887203,1215.0
1148,4934457,1220.0
1148,4936203,1225.0
1148,4894344,1225.0
1148,4728259,1230.0
1148,4731547,1240.0
1148,4723039,1245.0
1148,4730988,1245.0
1148,4891351,1250.0
1148,4734561,1270.0
1148,4699862,1280.0
1148,4698742,1280.0
1148,4941860,1290.0
1148,4735549,1290.0
1148,4733027,1295.0
1148,4897057,1320.0
1148,4939053,1320.0
1148,4744343,1325.0
1148,4884848,1330.0
1148,4730557,1330.0
1148,4838759,1335.0
958,start,529.1833333333335
958,end,935.65
958,4693295,450.0
958,4721787,450.0
958,4733907,450.0
958,4724735,450.0
958,4731853,450.0
958,4732896,450.0
958,4938897,460.0
958,4733070,470.0
958,4743706,475.0
958,4734445,485.0
958,4727967,485.0
958,4722509,490.0
958,4891887,500.0
958,4721760,500.0
958,4702058,500.0
958,4756715,510.0
958,4786892,520.0
958,4725494,520.0
958,4693561,525.0
958,4730147,525.0
958,4932842,530.0
958,4727042,535.0
958,4755941,540.0
958,4893803,540.0
958,4723154,545.0
958,4732877,545.0
958,4729186,555.0
958,4972537,555.0
958,4728987,560.0
958,4730702,560.0
958,4694787,570.0
958,4702923,570.0
958,4734848,575.0
958,4730354,580.0
958,4708841,580.0
958,4693290,580.0
958,4735663,580.0
958,4884486,595.0
958,4724256,595.0
958,4710478,600.0
958,4932407,610.0
958,4885322,615.0
958,4728298,615.0
958,4753375,615.0
958,4702524,615.0
958,4730655,625.0
958,4702356,625.0
958,4730247,635.0
958,4797892,635.0
958,4710465,645.0
958,4887383,645.0
958,4894706,645.0
958,4729739,650.0
958,4838980,650.0
958,4735978,670.0
958,4731996,675.0
958,4735037,680.0
958,4724314,680.0
958,4731337,695.0
958,4938036,700.0
958,4730593,700.0
958,4885503,700.0
958,4928890,725.0
958,4790595,730.0
958,4701877,735.0
958,4730749,745.0
958,4736719,750.0
958,4693707,760.0
958,4741899,775.0
958,4786945,780.0
958,4972608,780.0
958,4852582,790.0
958,4753505,790.0
958,4884667,800.0
958,4724372,805.0
958,4731689,810.0
958,4732026,815.0
958,4743901,825.0
958,4735754,825.0
958,4893983,825.0
958,4735265,835.0
958,4753291,855.0
958,4733097,855.0
958,4736815,860.0
958,4731809,870.0
958,4732377,875.0
958,4896875,880.0
958,4734654,890.0
958,4722065,895.0
958,4839793,905.0
958,4753132,915.0
958,4885142,915.0
958,4894526,915.0
958,4728533,925.0
958,4937903,935.0
958,4702705,935.0
958,4701575,945.0
958,4724481,960.0
958,4941500,960.0
958,4900387,960.0
958,4699500,975.0
958,4937257,980.0
958,4702887,985.0
958,4928047,995.0
958,4726331,995.0
958,4722108,1005.0
958,4728949,1010.0
958,4698563,1025.0
958,4722966,1040.0
958,4724930,1040.0
958,4732034,1040.0
958,4724899,1045.0
958,4744890,1055.0
958,4734022,1060.0
958,4736188,1065.0
958,4882193,1080.0
958,4699681,1085.0
958,4894163,1100.0
958,4724613,1105.0
958,4729287,1115.0
958,4746903,1125.0
958,4796025,1125.0
958,4728606,1135.0
958,4725698,1140.0
958,4805864,1150.0
958,4748686,1165.0
958,4693692,1165.0
958,4727518,1165.0
958,4837891,1170.0
958,4727202,1185.0
958,4723472,1185.0
958,4702239,1185.0
958,4728506,1195.0
958,4883467,1205.0
958,4887203,1215.0
958,4934457,1220.0
958,4936203,1225.0
958,4894344,1225.0
958,4728259,1230.0
958,4731547,1240.0
958,4723039,1245.0
958,4730988,1245.0
958,4891351,1250.0
958,4734561,1270.0
958,4699862,1280.0
958,4698742,1280.0
958,4941860,1290.0
958,4735549,1290.0
958,4733027,1295.0
958,4897057,1320.0
958,4939053,1320.0
958,4744343,1325.0
958,4884848,1330.0
958,4730557,1330.0
958,4838759,1335.0
756,start,1319.3166666666668
756,end,1353.95
756,4693295,450.0
756,4721787,450.0
756,4733907,450.0
756,4724735,450.0
756,4731853,450.0
756,4732896,450.0
756,4938897,460.0
756,4733070,470.0
756,4743706,475.0
756,4734445,485.0
756,4727967,485.0
756,4722509,490.0
756,4891887,500.0
756,4721760,500.0
756,4702058,500.0
756,4756715,510.0
756,4786892,520.0
756,4725494,520.0
756,4693561,525.0
756,4730147,525.0
756,4932842,530.0
756,4727042,535.0
756,4755941,540.0
756,4893803,540.0
756,4723154,545.0
756,4732877,545.0
756,4729186,555.0
756,4972537,555.0
756,4728987,560.0
756,4730702,560.0
756,4694787,570.0
756,4702923,570.0
756,4734848,575.0
756,4730354,580.0
756,4708841,580.0
756,4693290,580.0
756,4735663,580.0
756,4884486,595.0
756,4724256,595.0
756,4710478,600.0
756,4932407,610.0
756,4885322,615.0
756,4728298,615.0
756,4753375,615.0
756,4702524,615.0
756,4730655,625.0
756,4702356,625.0
756,4730247,635.0
756,4797892,635.0
756,4710465,645.0
756,4887383,645.0
756,4894706,645.0
756,4729739,650.0
756,4838980,650.0
756,4735978,670.0
756,4731996,675.0
756,4735037,680.0
756,4724314,680.0
756,4731337,695.0
756,4938036,700.0
756,4730593,700.0
756,4885503,700.0
756,4928890,725.0
756,4790595,730.0
756,4701877,735.0
756,4730749,745.0
756,4736719,750.0
756,4693707,760.0
756,4741899,775.0
756,4786945,780.0
756,4972608,780.0
756,4852582,790.0
756,4753505,790.0
756,4884667,800.0
756,4724372,805.0
756,4731689,810.0
756,4732026,815.0
756,4743901,825.0
756,4735754,825.0
756,4893983,825.0
756,4735265,835.0
756,4753291,855.0
756,4733097,855.0
756,4736815,860.0
756,4731809,870.0
756,4732377,875.0
756,4896875,880.0
756,4734654,890.0
756,4722065,895.0
756,4839793,905.0
756,4753132,915.0
756,4885142,915.0
756,4894526,915.0
756,4728533,925.0
756,4937903,935.0
756,4702705,935.0
756,4701575,945.0
756,4724481,960.0
756,4941500,960.0
756,4900387,960.0
756,4699500,975.0
756,4937257,980.0
756,4702887,985.0
756,4928047,995.0
756,4726331,995.0
756,4722108,1005.0
756,4728949,1010.0
756,4698563,1025.0
756,4722966,1040.0
756,4724930,1040.0
756,4732034,1040.0
756,4724899,1045.0
756,4744890,1055.0
756,4734022,1060.0
756,4736188,1065.0
756,4882193,1080.0
756,4699681,1085.0
756,4894163,1100.0
756,4724613,1105.0
756,4729287,1115.0
756,4746903,1125.0
756,4796025,1125.0
756,4728606,1135.0
756,4725698,1140.0
756,4805864,1150.0
756,4748686,1165.0
756,4693692,1165.0
756,4727518,1165.0
756,4837891,1170.0
756,4727202,1185.0
756,4723472,1185.0
756,4702239,1185.0
756,4728506,1195.0
756,4883467,1205.0
756,4887203,1215.0
756,4934457,1220.0
756,4936203,1225.0
756,4894344,1225.0
756,4728259,1230.0
756,4731547,1240.0
756,4723039,1245.0
756,4730988,1245.0
756,4891351,1250.0
756,4734561,1270.0
756,4699862,1280.0
756,4698742,1280.0
756,4941860,1290.0
756,4735549,1290.0
756,4733027,1295.0
756,4897057,1320.0
756,4939053,1320.0
756,4744343,1325.0
756,4884848,1330.0
756,4730557,1330.0
756,4838759,1335.0
1364,start,437.01666666666665
1364,end,1360.2833333333333
1364,4693295,450.0
1364,4721787,450.0
1364,4733907,450.0
1364,4724735,450.0
1364,4731853,450.0
1364,4732896,450.0
1364,4938897,460.0
1364,4733070,470.0
1364,4743706,475.0
1364,4734445,485.0
1364,4727967,485.0
1364,4722509,490.0
1364,4891887,500.0
1364,4721760,500.0
1364,4702058,500.0
1364,4756715,510.0
1364,4786892,520.0
1364,4725494,520.0
1364,4693561,525.0
1364,4730147,525.0
1364,4932842,530.0
1364,4727042,535.0
1364,4755941,540.0
1364,4893803,540.0
1364,4723154,545.0
1364,4732877,545.0
1364,4729186,555.0
1364,4972537,555.0
1364,4728987,560.0
1364,4730702,560.0
1364,4694787,570.0
1364,4702923,570.0
1364,4734848,575.0
1364,4730354,580.0
1364,4708841,580.0
1364,4693290,580.0
1364,4735663,580.0
1364,4884486,595.0
1364,4724256,595.0
1364,4710478,600.0
1364,4932407,610.0
1364,4885322,615.0
1364,4728298,615.0
1364,4753375,615.0
1364,4702524,615.0
1364,4730655,625.0
1364,4702356,625.0
1364,4730247,635.0
1364,4797892,635.0
1364,4710465,645.0
1364,4887383,645.0
1364,4894706,645.0
1364,4729739,650.0
1364,4838980,650.0
1364,4735978,670.0
1364,4731996,675.0
1364,4735037,680.0
1364,4724314,680.0
1364,4731337,695.0
1364,4938036,700.0
1364,4730593,700.0
1364,4885503,700.0
1364,4928890,725.0
1364,4790595,730.0
1364,4701877,735.0
1364,4730749,745.0
1364,4736719,750.0
1364,4693707,760.0
1364,4741899,775.0
1364,4786945,780.0
1364,4972608,780.0
1364,4852582,790.0
1364,4753505,790.0
1364,4884667,800.0
1364,4724372,805.0
1364,4731689,810.0
1364,4732026,815.0
1364,4743901,825.0
1364,4735754,825.0
1364,4893983,825.0
1364,4735265,835.0
1364,4753291,855.0
1364,4733097,855.0
1364,4736815,860.0
1364,4731809,870.0
1364,4732377,875.0
1364,4896875,880.0
1364,4734654,890.0
1364,4722065,895.0
1364,4839793,905.0
1364,4753132,915.0
1364,4885142,915.0
1364,4894526,915.0
1364,4728533,925.0
1364,4937903,935.0
1364,4702705,935.0
1364,4701575,945.0
1364,4724481,960.0
1364,4941500,960.0
1364,4900387,960.0
1364,4699500,975.0
1364,4937257,980.0
1364,4702887,985.0
1364,4928047,995.0
1364,4726331,995.0
1364,4722108,1005.0
1364,4728949,1010.0
1364,4698563,1025.0
1364,4722966,1040.0
1364,4724930,1040.0
1364,4732034,1040.0
1364,4724899,1045.0
1364,4744890,1055.0
1364,4734022,1060.0
1364,4736188,1065.0
1364,4882193,1080.0
1364,4699681,1085.0
1364,4894163,1100.0
1364,4724613,1105.0
1364,4729287,1115.0
1364,4746903,1125.0
1364,4796025,1125.0
1364,4728606,1135.0
1364,4725698,1140.0
1364,4805864,1150.0
1364,4748686,1165.0
1364,4693692,1165.0
1364,4727518,1165.0
1364,4837891,1170.0
1364,4727202,1185.0
1364,4723472,1185.0
1364,4702239,1185.0
1364,4728506,1195.0
1364,4883467,1205.0
1364,4887203,1215.0
1364,4934457,1220.0
1364,4936203,1225.0
1364,4894344,1225.0
1364,4728259,1230.0
1364,4731547,1240.0
1364,4723039,1245.0
1364,4730988,1245.0
1364,4891351,1250.0
1364,4734561,1270.0
1364,4699862,1280.0
1364,4698742,1280.0
1364,4941860,1290.0
1364,4735549,1290.0
1364,4733027,1295.0
1364,4897057,1320.0
1364,4939053,1320.0
1364,4744343,1325.0
1364,4884848,1330.0
1364,4730557,1330.0
1364,4838759,1335.0
1146,start,440.2
1146,end,648.1833333333333
1146,4693295,450.0
1146,4721787,450.0
1146,4733907,450.0
1146,4724735,450.0
1146,4731853,450.0
1146,4732896,450.0
1146,4938897,460.0
1146,4733070,470.0
1146,4743706,475.0
1146,4734445,485.0
1146,4727967,485.0
1146,4722509,490.0
1146,4891887,500.0
1146,4721760,500.0
1146,4702058,500.0
1146,4756715,510.0
1146,4786892,520.0
1146,4725494,520.0
1146,4693561,525.0
1146,4730147,525.0
1146,4932842,530.0
1146,4727042,535.0
1146,4755941,540.0
1146,4893803,540.0
1146,4723154,545.0
1146,4732877,545.0
1146,4729186,555.0
1146,4972537,555.0
1146,4728987,560.0
1146,4730702,560.0
1146,4694787,570.0
1146,4702923,570.0
1146,4734848,575.0
1146,4730354,580.0
1146,4708841,580.0
1146,4693290,580.0
1146,4735663,580.0
1146,4884486,595.0
1146,4724256,595.0
1146,4710478,600.0
1146,4932407,610.0
1146,4885322,615.0
1146,4728298,615.0
1146,4753375,615.0
1146,4702524,615.0
1146,4730655,625.0
1146,4702356,625.0
1146,4730247,635.0
1146,4797892,635.0
1146,4710465,645.0
1146,4887383,645.0
1146,4894706,645.0
1146,4729739,650.0
1146,4838980,650.0
1146,4735978,670.0
1146,4731996,675.0
1146,4735037,680.0
1146,4724314,680.0
1146,4731337,695.0
1146,4938036,700.0
1146,4730593,700.0
1146,4885503,700.0
1146,4928890,725.0
1146,4790595,730.0
1146,4701877,735.0
1146,4730749,745.0
1146,4736719,750.0
1146,4693707,760.0
1146,4741899,775.0
1146,4786945,780.0
1146,4972608,780.0
1146,4852582,790.0
1146,4753505,790.0
1146,4884667,800.0
1146,4724372,805.0
1146,4731689,810.0
1146,4732026,815.0
1146,4743901,825.0
1146,4735754,825.0
1146,4893983,825.0
1146,4735265,835.0
1146,4753291,855.0
1146,4733097,855.0
1146,4736815,860.0
1146,4731809,870.0
1146,4732377,875.0
1146,4896875,880.0
1146,4734654,890.0
1146,4722065,895.0
1146,4839793,905.0
1146,4753132,915.0
1146,4885142,915.0
1146,4894526,915.0
1146,4728533,925.0
1146,4937903,935.0
1146,4702705,935.0
1146,4701575,945.0
1146,4724481,960.0
1146,4941500,960.0
1146,4900387,960.0
1146,4699500,975.0
1146,4937257,980.0
1146,4702887,985.0
1146,4928047,995.0
1146,4726331,995.0
1146,4722108,1005.0
1146,4728949,1010.0
1146,4698563,1025.0
1146,4722966,1040.0
1146,4724930,1040.0
1146,4732034,1040.0
1146,4724899,1045.0
1146,4744890,1055.0
1146,4734022,1060.0
1146,4736188,1065.0
1146,4882193,1080.0
1146,4699681,1085.0
1146,4894163,1100.0
1146,4724613,1105.0
1146,4729287,1115.0
1146,4746903,1125.0
1146,4796025,1125.0
1146,4728606,1135.0
1146,4725698,1140.0
1146,4805864,1150.0
1146,4748686,1165.0
1146,4693692,1165.0
1146,4727518,1165.0
1146,4837891,1170.0
1146,4727202,1185.0
1146,4723472,1185.0
1146,4702239,1185.0
1146,4728506,1195.0
1146,4883467,1205.0
1146,4887203,1215.0
1146,4934457,1220.0
1146,4936203,1225.0
1146,4894344,1225.0
1146,4728259,1230.0
1146,4731547,1240.0
1146,4723039,1245.0
1146,4730988,1245.0
1146,4891351,1250.0
1146,4734561,1270.0
1146,4699862,1280.0
1146,4698742,1280.0
1146,4941860,1290.0
1146,4735549,1290.0
1146,4733027,1295.0
1146,4897057,1320.0
1146,4939053,1320.0
1146,4744343,1325.0
1146,4884848,1330.0
1146,4730557,1330.0
1146,4838759,1335.0
833,start,545.1666666666666
833,end,910.3499999999998
833,4693295,450.0
833,4721787,450.0
833,4733907,450.0
833,4724735,450.0
833,4731853,450.0
833,4732896,450.0
833,4938897,460.0
833,4733070,470.0
833,4743706,475.0
833,4734445,485.0
833,4727967,485.0
833,4722509,490.0
833,4891887,500.0
833,4721760,500.0
833,4702058,500.0
833,4756715,510.0
833,4786892,520.0
833,4725494,520.0
833,4693561,525.0
833,4730147,525.0
833,4932842,530.0
833,4727042,535.0
833,4755941,540.0
833,4893803,540.0
833,4723154,545.0
833,4732877,545.0
833,4729186,555.0
833,4972537,555.0
833,4728987,560.0
833,4730702,560.0
833,4694787,570.0
833,4702923,570.0
833,4734848,575.0
833,4730354,580.0
833,4708841,580.0
833,4693290,580.0
833,4735663,580.0
833,4884486,595.0
833,4724256,595.0
833,4710478,600.0
833,4932407,610.0
833,4885322,615.0
833,4728298,615.0
833,4753375,615.0
833,4702524,615.0
833,4730655,625.0
833,4702356,625.0
833,4730247,635.0
833,4797892,635.0
833,4710465,645.0
833,4887383,645.0
833,4894706,645.0
833,4729739,650.0
833,4838980,650.0
833,4735978,670.0
833,4731996,675.0
833,4735037,680.0
833,4724314,680.0
833,4731337,695.0
833,4938036,700.0
833,4730593,700.0
833,4885503,700.0
833,4928890,725.0
833,4790595,730.0
833,4701877,735.0
833,4730749,745.0
833,4736719,750.0
833,4693707,760.0
833,4741899,775.0
833,4786945,780.0
833,4972608,780.0
833,4852582,790.0
833,4753505,790.0
833,4884667,800.0
833,4724372,805.0
833,4731689,810.0
833,4732026,815.0
833,4743901,825.0
833,4735754,825.0
833,4893983,825.0
833,4735265,835.0
833,4753291,855.0
833,4733097,855.0
833,4736815,860.0
833,4731809,870.0
833,4732377,875.0
833,4896875,880.0
833,4734654,890.0
833,4722065,895.0
833,4839793,905.0
833,4753132,915.0
833,4885142,915.0
833,4894526,915.0
833,4728533,925.0
833,4937903,935.0
833,4702705,935.0
833,4701575,945.0
833,4724481,960.0
833,4941500,960.0
833,4900387,960.0
833,4699500,975.0
833,4937257,980.0
833,4702887,985.0
833,4928047,995.0
833,4726331,995.0
833,4722108,1005.0
833,4728949,1010.0
833,4698563,1025.0
833,4722966,1040.0
833,4724930,1040.0
833,4732034,1040.0
833,4724899,1045.0
833,4744890,1055.0
833,4734022,1060.0
833,4736188,1065.0
833,4882193,1080.0
833,4699681,1085.0
833,4894163,1100.0
833,4724613,1105.0
833,4729287,1115.0
833,4746903,1125.0
833,4796025,1125.0
833,4728606,1135.0
833,4725698,1140.0
833,4805864,1150.0
833,4748686,1165.0
833,4693692,1165.0
833,4727518,1165.0
833,4837891,1170.0
833,4727202,1185.0
833,4723472,1185.0
833,4702239,1185.0
833,4728506,1195.0
833,4883467,1205.0
833,4887203,1215.0
833,4934457,1220.0
833,4936203,1225.0
833,4894344,1225.0
833,4728259,1230.0
833,4731547,1240.0
833,4723039,1245.0
833,4730988,1245.0
833,4891351,1250.0
833,4734561,1270.0
833,4699862,1280.0
833,4698742,1280.0
833,4941860,1290.0
833,4735549,1290.0
833,4733027,1295.0
833,4897057,1320.0
833,4939053,1320.0
833,4744343,1325.0
833,4884848,1330.0
833,4730557,1330.0
833,4838759,1335.0
1243,start,441.46666666666664
1243,end,1360.35
1243,4693295,450.0
1243,4721787,450.0
1243,4733907,450.0
1243,4724735,450.0
1243,4731853,450.0
1243,4732896,450.0
1243,4938897,460.0
1243,4733070,470.0
1243,4743706,475.0
1243,4734445,485.0
1243,4727967,485.0
1243,4722509,490.0
1243,4891887,500.0
1243,4721760,500.0
1243,4702058,500.0
1243,4756715,510.0
1243,4786892,520.0
1243,4725494,520.0
1243,4693561,525.0
1243,4730147,525.0
1243,4932842,530.0
1243,4727042,535.0
1243,4755941,540.0
1243,4893803,540.0
1243,4723154,545.0
1243,4732877,545.0
1243,4729186,555.0
1243,4972537,555.0
1243,4728987,560.0
1243,4730702,560.0
1243,4694787,570.0
1243,4702923,570.0
1243,4734848,575.0
1243,4730354,580.0
1243,4708841,580.0
1243,4693290,580.0
1243,4735663,580.0
1243,4884486,595.0
1243,4724256,595.0
1243,4710478,600.0
1243,4932407,610.0
1243,4885322,615.0
1243,4728298,615.0
1243,4753375,615.0
1243,4702524,615.0
1243,4730655,625.0
1243,4702356,625.0
1243,4730247,635.0
1243,4797892,635.0
1243,4710465,645.0
1243,4887383,645.0
1243,4894706,645.0
1243,4729739,650.0
1243,4838980,650.0
1243,4735978,670.0
1243,4731996,675.0
1243,4735037,680.0
1243,4724314,680.0
1243,4731337,695.0
1243,4938036,700.0
1243,4730593,700.0
1243,4885503,700.0
1243,4928890,725.0
1243,4790595,730.0
1243,4701877,735.0
1243,4730749,745.0
1243,4736719,750.0
1243,4693707,760.0
1243,4741899,775.0
1243,4786945,780.0
1243,4972608,780.0
1243,4852582,790.0
1243,4753505,790.0
1243,4884667,800.0
1243,4724372,805.0
1243,4731689,810.0
1243,4732026,815.0
1243,4743901,825.0
1243,4735754,825.0
1243,4893983,825.0
1243,4735265,835.0
1243,4753291,855.0
1243,4733097,855.0
1243,4736815,860.0
1243,4731809,870.0
1243,4732377,875.0
1243,4896875,880.0
1243,4734654,890.0
1243,4722065,895.0
1243,4839793,905.0
1243,4753132,915.0
1243,4885142,915.0
1243,4894526,915.0
1243,4728533,925.0
1243,4937903,935.0
1243,4702705,935.0
1243,4701575,945.0
1243,4724481,960.0
1243,4941500,960.0
1243,4900387,960.0
1243,4699500,975.0
1243,4937257,980.0
1243,4702887,985.0
1243,4928047,995.0
1243,4726331,995.0
1243,4722108,1005.0
1243,4728949,1010.0
1243,4698563,1025.0
1243,4722966,1040.0
1243,4724930,1040.0
1243,4732034,1040.0
1243,4724899,1045.0
1243,4744890,1055.0
1243,4734022,1060.0
1243,4736188,1065.0
1243,4882193,1080.0
1243,4699681,1085.0
1243,4894163,1100.0
1243,4724613,1105.0
1243,4729287,1115.0
1243,4746903,1125.0
1243,4796025,1125.0
1243,4728606,1135.0
1243,4725698,1140.0
1243,4805864,1150.0
1243,4748686,1165.0
1243,4693692,1165.0
1243,4727518,1165.0
1243,4837891,1170.0
1243,4727202,1185.0
1243,4723472,1185.0
1243,4702239,1185.0
1243,4728506,1195.0
1243,4883467,1205.0
1243,4887203,1215.0
1243,4934457,1220.0
1243,4936203,1225.0
1243,4894344,1225.0
1243,4728259,1230.0
1243,4731547,1240.0
1243,4723039,1245.0
1243,4730988,1245.0
1243,4891351,1250.0
1243,4734561,1270.0
1243,4699862,1280.0
1243,4698742,1280.0
1243,4941860,1290.0
1243,4735549,1290.0
1243,4733027,1295.0
1243,4897057,1320.0
1243,4939053,1320.0
1243,4744343,1325.0
1243,4884848,1330.0
1243,4730557,1330.0
1243,4838759,1335.0
905,start,1151.8166666666668
905,end,1217.0166666666667
905,4693295,450.0
905,4721787,450.0
905,4733907,450.0
905,4724735,450.0
905,4731853,450.0
905,4732896,450.0
905,4938897,460.0
905,4733070,470.0
905,4743706,475.0
905,4734445,485.0
905,4727967,485.0
905,4722509,490.0
905,4891887,500.0
905,4721760,500.0
905,4702058,500.0
905,4756715,510.0
905,4786892,520.0
905,4725494,520.0
905,4693561,525.0
905,4730147,525.0
905,4932842,530.0
905,4727042,535.0
905,4755941,540.0
905,4893803,540.0
905,4723154,545.0
905,4732877,545.0
905,4729186,555.0
905,4972537,555.0
905,4728987,560.0
905,4730702,560.0
905,4694787,570.0
905,4702923,570.0
905,4734848,575.0
905,4730354,580.0
905,4708841,580.0
905,4693290,580.0
905,4735663,580.0
905,4884486,595.0
905,4724256,595.0
905,4710478,600.0
905,4932407,610.0
905,4885322,615.0
905,4728298,615.0
905,4753375,615.0
905,4702524,615.0
905,4730655,625.0
905,4702356,625.0
905,4730247,635.0
905,4797892,635.0
905,4710465,645.0
905,4887383,645.0
905,4894706,645.0
905,4729739,650.0
905,4838980,650.0
905,4735978,670.0
905,4731996,675.0
905,4735037,680.0
905,4724314,680.0
905,4731337,695.0
905,4938036,700.0
905,4730593,700.0
905,4885503,700.0
905,4928890,725.0
905,4790595,730.0
905,4701877,735.0
905,4730749,745.0
905,4736719,750.0
905,4693707,760.0
905,4741899,775.0
905,4786945,780.0
905,4972608,780.0
905,4852582,790.0
905,4753505,790.0
905,4884667,800.0
905,4724372,805.0
905,4731689,810.0
905,4732026,815.0
905,4743901,825.0
905,4735754,825.0
905,4893983,825.0
905,4735265,835.0
905,4753291,855.0
905,4733097,855.0
905,4736815,860.0
905,4731809,870.0
905,4732377,875.0
905,4896875,880.0
905,4734654,890.0
905,4722065,895.0
905,4839793,905.0
905,4753132,915.0
905,4885142,915.0
905,4894526,915.0
905,4728533,925.0
905,4937903,935.0
905,4702705,935.0
905,4701575,945.0
905,4724481,960.0
905,4941500,960.0
905,4900387,960.0
905,4699500,975.0
905,4937257,980.0
905,4702887,985.0
905,4928047,995.0
905,4726331,995.0
905,4722108,1005.0
905,4728949,1010.0
905,4698563,1025.0
905,4722966,1040.0
905,4724930,1040.0
905,4732034,1040.0
905,4724899,1045.0
905,4744890,1055.0
905,4734022,1060.0
905,4736188,1065.0
905,4882193,1080.0
905,4699681,1085.0
905,4894163,1100.0
905,4724613,1105.0
905,4729287,1115.0
905,4746903,1125.0
905,4796025,1125.0
905,4728606,1135.0
905,4725698,1140.0
905,4805864,1150.0
905,4748686,1165.0
905,4693692,1165.0
905,4727518,1165.0
905,4837891,1170.0
905,4727202,1185.0
905,4723472,1185.0
905,4702239,1185.0
905,4728506,1195.0
905,4883467,1205.0
905,4887203,1215.0
905,4934457,1220.0
905,4936203,1225.0
905,4894344,1225.0
905,4728259,1230.0
905,4731547,1240.0
905,4723039,1245.0
905,4730988,1245.0
905,4891351,1250.0
905,4734561,1270.0
905,4699862,1280.0
905,4698742,1280.0
905,4941860,1290.0
905,4735549,1290.0
905,4733027,1295.0
905,4897057,1320.0
905,4939053,1320.0
905,4744343,1325.0
905,4884848,1330.0
905,4730557,1330.0
905,4838759,1335.0
